siteid_alt,years_survey,years_recruits_present,pyears_recruits_present
70134,1,0,0
70370,2,0,0
70413,7,7,1
70414,1,0,0
70449,6,5,0.8333333333333334
70505,8,6,0.75
70550,14,12,0.8571428571428571
70556,2,1,0.5
70619,8,1,0.125
70641,5,3,0.6
74976,2,2,1
